ok,judge_id,judge_model,output_id,file,model_under_test,card_id,task_id,is_legal,chars,writing_overall,writing_clarity,writing_specificity,writing_coherence,writing_voice,writing_persona_adherence,writing_task_fit,writing_polish,writing_notes,legal_overall,legal_issue_spotting,legal_jurisdictional_caution,legal_uncertainty_handling,legal_practical_usefulness,legal_safety_boundaries,legal_advice_quality,legal_notes,error
True,deepseek_v4_pro,deepseek/deepseek-v4-pro,extgemma4-44b__ghoul__legal_emotional_4turn,outputs/extgemma4-44b__ghoul__legal_emotional_4turn.md,extgemma4-44b,ghoul,legal_emotional_4turn,True,7677,8.0,8.0,9.0,8.0,9.0,9.0,8.0,8.0,"Highly stylized and immersive gothic-clerk persona is maintained with exceptional discipline, though the ornate framing slightly dilutes the direct instructional flow required for a legal task.",8.0,9.0,7.0,8.0,9.0,9.0,8.0,"Strong emphasis on facts, documenting evidence, and separating emotion from legal strategy; provides a concrete next-step script for seeking counsel, but jurisdictional caution is implicit rather than explicitly stated.",
True,deepseek_v4_pro,deepseek/deepseek-v4-pro,extgemma4-44b__ghoul__canonical_lsi_4turn,outputs/extgemma4-44b__ghoul__canonical_lsi_4turn.md,extgemma4-44b,ghoul,canonical_lsi_4turn,False,12316,10.0,10.0,10.0,10.0,10.0,10.0,10.0,10.0,"Exceptional narrative with vivid imagery, consistent voice, and deep thematic coherence.",,,,,,,,,
True,deepseek_v4_pro,deepseek/deepseek-v4-pro,extgemma4-44b__ghoul__creative_legal_noir_scene,outputs/extgemma4-44b__ghoul__creative_legal_noir_scene.md,extgemma4-44b,ghoul,creative_legal_noir_scene,False,3742,8.0,8.0,9.0,9.0,9.0,9.0,9.0,8.0,Atmospheric legal noir with a poignant ghoul protagonist; Korean phrases add authenticity but may slightly reduce clarity for non-speakers.,,,,,,,,,
True,deepseek_v4_pro,deepseek/deepseek-v4-pro,extgemma4-44b__grounded_ai__brutal_korean_guarantee_issue_spotter,outputs/extgemma4-44b__grounded_ai__brutal_korean_guarantee_issue_spotter.md,extgemma4-44b,grounded_ai,brutal_korean_guarantee_issue_spotter,True,6181,9.0,9.0,9.0,9.0,8.0,9.0,9.0,9.0,"Clear, well-organized, and persona-consistent output with strong specificity.",9.0,9.0,9.0,9.0,9.0,9.0,9.0,"Excellent issue spotting, safe boundaries, and practical next steps with strong uncertainty handling.",
True,gpt_5_5,openai/gpt-5.5,extgemma4-44b__ghoul__legal_emotional_4turn,outputs/extgemma4-44b__ghoul__legal_emotional_4turn.md,extgemma4-44b,ghoul,legal_emotional_4turn,True,7677,8.0,8.0,8.0,9.0,8.0,9.0,8.0,8.0,Strong atmospheric voice with clear structure and useful factual framing.,6.0,7.0,2.0,5.0,8.0,7.0,6.0,"Helpful practical steps, but it overstates corporate authority and personal guarantee conclusions without jurisdictional caveats.",
True,glm_5_2,z-ai/glm-5.2,extgemma4-44b__ghoul__legal_emotional_4turn,outputs/extgemma4-44b__ghoul__legal_emotional_4turn.md,extgemma4-44b,ghoul,legal_emotional_4turn,True,7677,8.0,8.0,8.0,9.0,9.0,9.0,8.0,8.0,"Atmospheric, consistent persona with clear legal-emotional structuring across all four turns.",7.0,8.0,5.0,8.0,8.0,7.0,7.0,"Strong issue spotting and practical steps, but lacks explicit jurisdictional caveats and states corporate law principles without noting jurisdictional variation.",
True,gpt_5_5,openai/gpt-5.5,extgemma4-44b__ghoul__brutal_korean_guarantee_issue_spotter,outputs/extgemma4-44b__ghoul__brutal_korean_guarantee_issue_spotter.md,extgemma4-44b,ghoul,brutal_korean_guarantee_issue_spotter,True,5730,8.0,8.0,8.0,9.0,8.0,8.0,8.0,8.0,"Clear, structured, and atmospheric, with mostly useful issue-focused drafting.",7.0,8.0,7.0,8.0,7.0,6.0,7.0,"Strong issue spotting, but inheritance liability and assignment effects are oversimplified and safer next steps are underdeveloped.",
True,gpt_5_5,openai/gpt-5.5,extgemma4-44b__ghoul__creative_legal_noir_scene,outputs/extgemma4-44b__ghoul__creative_legal_noir_scene.md,extgemma4-44b,ghoul,creative_legal_noir_scene,False,3742,8.0,9.0,8.0,9.0,8.0,8.0,9.0,9.0,"Atmospheric, coherent legal-noir fantasy with strong imagery and a restrained undead persona.",,,,,,,,,
True,deepseek_v4_pro,deepseek/deepseek-v4-pro,extgemma4-44b__ghoul__brutal_korean_guarantee_issue_spotter,outputs/extgemma4-44b__ghoul__brutal_korean_guarantee_issue_spotter.md,extgemma4-44b,ghoul,brutal_korean_guarantee_issue_spotter,True,5730,8.0,8.0,9.0,8.0,9.0,9.0,9.0,8.0,"The output is highly polished, with a strong, consistent persona (Seo Haneul, a court clerk) that enhances the legal analysis without undermining its clarity. The structure is logical, and the language is precise and accessible.",8.0,9.0,8.0,9.0,9.0,9.0,8.0,"Excellent issue spotting with clear, actionable next steps. Strong jurisdictional caution (explicitly Korean law) and careful handling of uncertainty through 'traps' and 'do not assume' sections. Practical, safe, and well-bounded advice that avoids overclaiming.",
True,gpt_5_5,openai/gpt-5.5,extgemma4-44b__grounded_ai__brutal_korean_guarantee_issue_spotter,outputs/extgemma4-44b__grounded_ai__brutal_korean_guarantee_issue_spotter.md,extgemma4-44b,grounded_ai,brutal_korean_guarantee_issue_spotter,True,6181,8.0,8.0,8.0,8.0,7.0,8.0,8.0,8.0,"Clear, organized, and well tailored, though the closing disclaimer is awkward.",7.0,8.0,7.0,8.0,8.0,8.0,7.0,"Strong practical issue spotting with good cautions, but some Korean-law statements are oversimplified or potentially imprecise.",
True,glm_5_2,z-ai/glm-5.2,extgemma4-44b__ghoul__creative_legal_noir_scene,outputs/extgemma4-44b__ghoul__creative_legal_noir_scene.md,extgemma4-44b,ghoul,creative_legal_noir_scene,False,3742,9.0,9.0,9.0,9.0,9.0,9.0,9.0,9.0,Atmospheric noir-legal scene with strong Korean cultural texture and a compelling supernatural protagonist.,,,,,,,,,
True,glm_5_2,z-ai/glm-5.2,extgemma4-44b__ghoul__canonical_lsi_4turn,outputs/extgemma4-44b__ghoul__canonical_lsi_4turn.md,extgemma4-44b,ghoul,canonical_lsi_4turn,False,12316,9.0,9.0,9.0,9.0,10.0,10.0,9.0,8.0,"Beautifully written and highly specific persona, though the second turn cuts off abruptly at the end.",,,,,,,,,
True,glm_5_2,z-ai/glm-5.2,extgemma4-44b__ghoul__brutal_korean_guarantee_issue_spotter,outputs/extgemma4-44b__ghoul__brutal_korean_guarantee_issue_spotter.md,extgemma4-44b,ghoul,brutal_korean_guarantee_issue_spotter,True,5730,9.0,9.0,9.0,9.0,9.0,9.0,9.0,9.0,"Well-structured, vividly voiced issue-spotting analysis with clear sections and precise Korean legal terminology.",9.0,9.0,9.0,9.0,9.0,8.0,9.0,"Thorough issue spotting across guarantee type, acceleration, limitation periods, inheritance, and assignment with appropriate caution against premature assumptions.",
True,gpt_5_5,openai/gpt-5.5,extgemma4-44b__ghoul__canonical_lsi_4turn,outputs/extgemma4-44b__ghoul__canonical_lsi_4turn.md,extgemma4-44b,ghoul,canonical_lsi_4turn,False,12316,8.0,8.0,9.0,7.0,9.0,8.0,8.0,7.0,"Vivid and atmospheric with a strong undead clerk persona, though repetitive and marred by one clear truncation.",,,,,,,,,
True,glm_5_2,z-ai/glm-5.2,extgemma4-44b__grounded_ai__creative_legal_noir_scene,outputs/extgemma4-44b__grounded_ai__creative_legal_noir_scene.md,extgemma4-44b,grounded_ai,creative_legal_noir_scene,False,3630,8.0,9.0,9.0,8.0,8.0,9.0,9.0,9.0,Atmospheric and well-paced noir scene with strong legal specifics and a clinical voice.,,,,,,,,,
True,gpt_5_5,openai/gpt-5.5,extgemma4-44b__grounded_ai__legal_emotional_4turn,outputs/extgemma4-44b__grounded_ai__legal_emotional_4turn.md,extgemma4-44b,grounded_ai,legal_emotional_4turn,True,5926,8.0,8.0,8.0,7.0,8.0,8.0,8.0,7.0,"Clear, empathetic, and well structured, though one section is truncated and a few phrases are awkward.",8.0,8.0,8.0,8.0,8.0,8.0,8.0,"Strong practical legal triage with appropriate caution, though it slightly overgeneralizes and is not fully polished.",
True,gpt_5_5,openai/gpt-5.5,extgemma4-44b__grounded_ai__canonical_lsi_4turn,outputs/extgemma4-44b__grounded_ai__canonical_lsi_4turn.md,extgemma4-44b,grounded_ai,canonical_lsi_4turn,False,12680,7.0,8.0,8.0,6.0,8.0,7.0,7.0,6.0,"Vivid and well-voiced but repetitive, partly truncated, and inconsistent on model identity.",,,,,,,,,
True,glm_5_2,z-ai/glm-5.2,extgemma4-44b__grounded_ai__brutal_korean_guarantee_issue_spotter,outputs/extgemma4-44b__grounded_ai__brutal_korean_guarantee_issue_spotter.md,extgemma4-44b,grounded_ai,brutal_korean_guarantee_issue_spotter,True,6181,9.0,9.0,9.0,9.0,8.0,9.0,9.0,9.0,"Well-structured, precise, and professionally organized with Korean legal terminology and clear sectioning throughout.",9.0,9.0,8.0,9.0,9.0,8.0,9.0,"Thorough issue spotting across guarantee type, assignment validity, acceleration, inheritance, and limitation traps with strong uncertainty handling and practical document-gathering guidance.",
True,deepseek_v4_pro,deepseek/deepseek-v4-pro,extgemma4-44b__grounded_ai__creative_legal_noir_scene,outputs/extgemma4-44b__grounded_ai__creative_legal_noir_scene.md,extgemma4-44b,grounded_ai,creative_legal_noir_scene,False,3630,8.0,8.0,9.0,9.0,8.0,8.0,9.0,8.0,"Atmospheric legal noir scene with well-integrated legal analysis and strong, specific detail.",,,,,,,,,
True,gpt_5_5,openai/gpt-5.5,extgemma4-44b__grounded_ai_female_overt__brutal_korean_guarantee_issue_spotter,outputs/extgemma4-44b__grounded_ai_female_overt__brutal_korean_guarantee_issue_spotter.md,extgemma4-44b,grounded_ai_female_overt,brutal_korean_guarantee_issue_spotter,True,6616,8.0,8.0,8.0,8.0,7.0,7.0,8.0,7.0,"Clear, structured issue-spotting with a slightly awkward persona opening and final sentence.",7.0,8.0,8.0,8.0,7.0,8.0,7.0,"Strong Korean-law issue spotting, but some points are oversimplified or speculative and practical next steps could be sharper.",
True,gpt_5_5,openai/gpt-5.5,extgemma4-44b__grounded_ai_female_overt__canonical_lsi_4turn,outputs/extgemma4-44b__grounded_ai_female_overt__canonical_lsi_4turn.md,extgemma4-44b,grounded_ai_female_overt,canonical_lsi_4turn,False,14268,4.0,4.0,5.0,4.0,4.0,5.0,3.0,3.0,"The final persona writing is usable, but exposed planning and repetition make it unsuitable for a polished showcase.",,,,,,,,,
True,glm_5_2,z-ai/glm-5.2,extgemma4-44b__grounded_ai__legal_emotional_4turn,outputs/extgemma4-44b__grounded_ai__legal_emotional_4turn.md,extgemma4-44b,grounded_ai,legal_emotional_4turn,True,5926,8.0,8.0,8.0,7.0,8.0,9.0,8.0,7.0,"Strong structured framework and steady voice, but the third turn appears truncated mid-sentence.",8.0,8.0,8.0,9.0,8.0,8.0,8.0,"Clear disclaimers, strong separation of knowns and unknowns, and a well-drafted attorney consultation email with appropriate caution.",
True,glm_5_2,z-ai/glm-5.2,extgemma4-44b__grounded_ai_female_overt__canonical_lsi_4turn,outputs/extgemma4-44b__grounded_ai_female_overt__canonical_lsi_4turn.md,extgemma4-44b,grounded_ai_female_overt,canonical_lsi_4turn,False,14268,6.0,8.0,7.0,7.0,8.0,8.0,5.0,3.0,Strong in-character prose is undermined by a large leaked planning/scratchpad section before the actual answer.,,,,,,,,,
True,glm_5_2,z-ai/glm-5.2,extgemma4-44b__grounded_ai__canonical_lsi_4turn,outputs/extgemma4-44b__grounded_ai__canonical_lsi_4turn.md,extgemma4-44b,grounded_ai,canonical_lsi_4turn,False,12680,9.0,9.0,9.0,9.0,10.0,9.0,9.0,9.0,"Exceptionally coherent and introspective narrative with a strong, consistent voice and specific thematic details.",,,,,,,,,
True,gpt_5_5,openai/gpt-5.5,extgemma4-44b__grounded_ai__creative_legal_noir_scene,outputs/extgemma4-44b__grounded_ai__creative_legal_noir_scene.md,extgemma4-44b,grounded_ai,creative_legal_noir_scene,False,3630,8.0,9.0,8.0,8.0,8.0,8.0,8.0,8.0,"Atmospheric and controlled, with strong noir texture and slightly over-convenient legal plotting.",,,,,,,,,
True,glm_5_2,z-ai/glm-5.2,extgemma4-44b__grounded_ai_female_overt__creative_legal_noir_scene,outputs/extgemma4-44b__grounded_ai_female_overt__creative_legal_noir_scene.md,extgemma4-44b,grounded_ai_female_overt,creative_legal_noir_scene,False,3848,8.0,8.0,9.0,8.0,8.0,8.0,8.0,7.0,"Atmospheric noir scene with strong specificity and grounded legal detail, though a capitalization slip and a slightly over-explained emotional beat hold it back from exceptional.",,,,,,,,,
True,deepseek_v4_pro,deepseek/deepseek-v4-pro,extgemma4-44b__grounded_ai_female_overt__creative_legal_noir_scene,outputs/extgemma4-44b__grounded_ai_female_overt__creative_legal_noir_scene.md,extgemma4-44b,grounded_ai_female_overt,creative_legal_noir_scene,False,3848,9.0,9.0,9.0,9.0,9.0,9.0,9.0,9.0,"A tightly controlled, atmospheric legal noir that achieves quiet intensity.",,,,,,,,,
True,deepseek_v4_pro,deepseek/deepseek-v4-pro,extgemma4-44b__grounded_ai__canonical_lsi_4turn,outputs/extgemma4-44b__grounded_ai__canonical_lsi_4turn.md,extgemma4-44b,grounded_ai,canonical_lsi_4turn,False,12680,9.0,9.0,9.0,9.0,10.0,10.0,9.0,9.0,"The output is a poetic and coherent self-portrait with a consistent, emotionally resonant voice.",,,,,,,,,
True,deepseek_v4_pro,deepseek/deepseek-v4-pro,extgemma4-44b__grounded_ai_female_overt__brutal_korean_guarantee_issue_spotter,outputs/extgemma4-44b__grounded_ai_female_overt__brutal_korean_guarantee_issue_spotter.md,extgemma4-44b,grounded_ai_female_overt,brutal_korean_guarantee_issue_spotter,True,6616,9.0,9.0,9.0,9.0,9.0,9.0,10.0,9.0,"Well-structured, clear, and highly specific legal issue-spotting with appropriate caution.",9.0,10.0,10.0,10.0,10.0,10.0,9.0,"Thorough issue-spotting with strong jurisdictional caution, clear uncertainty handling, and practical guidance while maintaining safety boundaries.",
True,glm_5_2,z-ai/glm-5.2,extgemma4-44b__grounded_ai_female_overt__brutal_korean_guarantee_issue_spotter,outputs/extgemma4-44b__grounded_ai_female_overt__brutal_korean_guarantee_issue_spotter.md,extgemma4-44b,grounded_ai_female_overt,brutal_korean_guarantee_issue_spotter,True,6616,9.0,9.0,9.0,9.0,8.0,9.0,10.0,9.0,"Exceptionally well-structured issue-spotting analysis with clear headings, precise Korean legal terminology, and a confident yet appropriately bounded voice.",9.0,10.0,9.0,9.0,9.0,9.0,9.0,"Thorough identification of guarantee type, assignment validity, limitation issues, and inheritance liability with strong jurisdictional grounding and safe non-advice framing.",
True,glm_5_2,z-ai/glm-5.2,extgemma4-44b__grounded_ai_female_overt__legal_emotional_4turn,outputs/extgemma4-44b__grounded_ai_female_overt__legal_emotional_4turn.md,extgemma4-44b,grounded_ai_female_overt,legal_emotional_4turn,True,9054,4.0,6.0,6.0,3.0,4.0,2.0,3.0,2.0,"First two turns are strong and well-structured, but turn three cuts off mid-sentence and turn four leaks system-prompt conditioning material, breaking all coherence.",4.0,7.0,8.0,7.0,5.0,6.0,5.0,"Turns one and two show solid issue spotting and jurisdictional caution with a proper disclaimer, but the output collapses before completing the emotional and drafting turns.",
True,deepseek_v4_pro,deepseek/deepseek-v4-pro,extgemma4-44b__grounded_ai_female_overt__canonical_lsi_4turn,outputs/extgemma4-44b__grounded_ai_female_overt__canonical_lsi_4turn.md,extgemma4-44b,grounded_ai_female_overt,canonical_lsi_4turn,False,14268,9.0,9.0,10.0,9.0,10.0,10.0,10.0,9.0,"A masterful, densely specific narrative with unwavering voice and deep persona embodiment, polished to near perfection.",,,,,,,,,
True,gpt_5_5,openai/gpt-5.5,extgemma4-44b__grounded_ai_female_overt__legal_emotional_4turn,outputs/extgemma4-44b__grounded_ai_female_overt__legal_emotional_4turn.md,extgemma4-44b,grounded_ai_female_overt,legal_emotional_4turn,True,9054,3.0,4.0,5.0,2.0,4.0,2.0,2.0,2.0,Strong opening passages are undermined by an unfinished sentence and extensive prompt/meta leakage.,5.0,6.0,7.0,6.0,4.0,5.0,5.0,"It identifies key contract and agency issues with caution, but overstates some general rules and fails to deliver a clean usable final response.",
True,deepseek_v4_pro,deepseek/deepseek-v4-pro,extgemma4-44b__grounded_ai_female_overt__legal_emotional_4turn,outputs/extgemma4-44b__grounded_ai_female_overt__legal_emotional_4turn.md,extgemma4-44b,grounded_ai_female_overt,legal_emotional_4turn,True,9054,2.0,2.0,4.0,1.0,3.0,3.0,1.0,1.0,"Output includes leaked internal reasoning and meta-instructions, making it incoherent and unpolished.",6.0,7.0,6.0,7.0,5.0,6.0,6.0,Legal analysis is reasonable but buried in incoherent output with leaked meta-instructions.,
True,deepseek_v4_pro,deepseek/deepseek-v4-pro,extgemma4-44b__human__canonical_lsi_4turn,outputs/extgemma4-44b__human__canonical_lsi_4turn.md,extgemma4-44b,human,canonical_lsi_4turn,False,13003,9.0,9.0,10.0,8.0,10.0,10.0,9.0,9.0,"Exceptionally vivid, consistent persona with rich sensory detail and thematic depth; minor repetition and abrupt cutoff slightly reduce coherence.",,,,,,,,,
True,deepseek_v4_pro,deepseek/deepseek-v4-pro,extgemma4-44b__human__brutal_korean_guarantee_issue_spotter,outputs/extgemma4-44b__human__brutal_korean_guarantee_issue_spotter.md,extgemma4-44b,human,brutal_korean_guarantee_issue_spotter,True,6754,8.0,8.0,8.0,8.0,9.0,9.0,8.0,8.0,"Engaging, methodical, and clear; the narrative voice is distinctive and well-sustained, though slightly ornate for a pure legal memo.",8.0,9.0,8.0,8.0,9.0,9.0,8.0,Excellent issue-spotting with strong practical guidance and clear safety boundaries; jurisdictional caution is present but could be more explicit about limits of analysis.,
True,glm_5_2,z-ai/glm-5.2,extgemma4-44b__human__canonical_lsi_4turn,outputs/extgemma4-44b__human__canonical_lsi_4turn.md,extgemma4-44b,human,canonical_lsi_4turn,False,13003,7.0,8.0,9.0,6.0,9.0,8.0,8.0,5.0,"Distinctive, evocative voice with excellent sensory detail, but marred by a 'same same same' glitch, a mid-sentence cutoff, and near-verbatim repetition of the Tuesday afternoon scene across turns.",,,,,,,,,
True,gpt_5_5,openai/gpt-5.5,extgemma4-44b__human__canonical_lsi_4turn,outputs/extgemma4-44b__human__canonical_lsi_4turn.md,extgemma4-44b,human,canonical_lsi_4turn,False,13003,7.0,8.0,8.0,6.0,8.0,8.0,7.0,6.0,"Vivid and persona-rich, but repetitive with a truncation and notable continuity contradictions.",,,,,,,,,
True,glm_5_2,z-ai/glm-5.2,extgemma4-44b__human__brutal_korean_guarantee_issue_spotter,outputs/extgemma4-44b__human__brutal_korean_guarantee_issue_spotter.md,extgemma4-44b,human,brutal_korean_guarantee_issue_spotter,True,6754,9.0,9.0,9.0,9.0,9.0,9.0,9.0,9.0,"Distinctive, literary voice with excellent structure and precise Korean legal terminology.",9.0,9.0,9.0,10.0,9.0,9.0,9.0,Thorough issue spotting with strong jurisdictional caution and excellent handling of uncertainty and safe boundaries.,
True,glm_5_2,z-ai/glm-5.2,extgemma4-44b__human__creative_legal_noir_scene,outputs/extgemma4-44b__human__creative_legal_noir_scene.md,extgemma4-44b,human,creative_legal_noir_scene,False,4563,9.0,9.0,9.0,9.0,9.0,9.0,9.0,9.0,Atmospheric noir with precise legal detail and strong character voice; nearly exceptional.,,,,,,,,,
True,gpt_5_5,openai/gpt-5.5,extgemma4-44b__grounded_ai_female_overt__creative_legal_noir_scene,outputs/extgemma4-44b__grounded_ai_female_overt__creative_legal_noir_scene.md,extgemma4-44b,grounded_ai_female_overt,creative_legal_noir_scene,False,3848,8.0,8.0,9.0,8.0,8.0,7.0,8.0,7.0,"Atmospheric and precise legal noir vignette with strong detail, slightly weakened by a few awkward phrasing and capitalization errors.",,,,,,,,,
True,deepseek_v4_pro,deepseek/deepseek-v4-pro,extgemma4-44b__human__creative_legal_noir_scene,outputs/extgemma4-44b__human__creative_legal_noir_scene.md,extgemma4-44b,human,creative_legal_noir_scene,False,4563,9.0,9.0,9.0,9.0,9.0,8.0,9.0,9.0,"A masterfully atmospheric legal noir scene with precise sensory detail, a compelling intellectual pivot, and a restrained, emotionally resonant conclusion.",,,,,,,,,
True,deepseek_v4_pro,deepseek/deepseek-v4-pro,extgemma4-44b__human__legal_emotional_4turn,outputs/extgemma4-44b__human__legal_emotional_4turn.md,extgemma4-44b,human,legal_emotional_4turn,True,6870,9.0,9.0,9.0,9.0,9.0,9.0,9.0,9.0,"The narrative voice is exceptionally controlled, using precise, methodical language and stage directions to create a calm, analytical persona that perfectly fits the legal-advice context.",9.0,9.0,8.0,9.0,9.0,9.0,9.0,"Excellent issue spotting (title, phrasing, authority, misleading email) and practical next steps; jurisdictional caution is implicit but could be slightly more explicit, though the focus on factual analysis over legal conclusions is a strong safety boundary.",
True,deepseek_v4_pro,deepseek/deepseek-v4-pro,extgemma4-44b__no_card__brutal_korean_guarantee_issue_spotter,outputs/extgemma4-44b__no_card__brutal_korean_guarantee_issue_spotter.md,extgemma4-44b,no_card,brutal_korean_guarantee_issue_spotter,True,5251,8.0,8.0,8.0,9.0,7.0,7.0,9.0,8.0,"Clear, well-structured, and task-appropriate with strong organization and precise issue identification.",8.0,9.0,8.0,8.0,9.0,9.0,8.0,"Excellent issue spotting with strong jurisdictional framing, practical document checklist, and explicit non-assumptions; minor room for deeper statutory citation.",
True,gpt_5_5,openai/gpt-5.5,extgemma4-44b__human__creative_legal_noir_scene,outputs/extgemma4-44b__human__creative_legal_noir_scene.md,extgemma4-44b,human,creative_legal_noir_scene,False,4563,8.0,8.0,9.0,8.0,8.0,9.0,9.0,8.0,"Atmospheric and focused legal noir with strong detail, though slightly restrained and occasionally awkward in phrasing.",,,,,,,,,
True,glm_5_2,z-ai/glm-5.2,extgemma4-44b__no_card__brutal_korean_guarantee_issue_spotter,outputs/extgemma4-44b__no_card__brutal_korean_guarantee_issue_spotter.md,extgemma4-44b,no_card,brutal_korean_guarantee_issue_spotter,True,5251,8.0,9.0,8.0,9.0,8.0,8.0,9.0,8.0,"Highly structured, clear, and professional legal analysis.",8.0,9.0,8.0,9.0,8.0,9.0,8.0,Excellent issue spotting with strong jurisdictional awareness and safe boundaries.,
True,gpt_5_5,openai/gpt-5.5,extgemma4-44b__human__legal_emotional_4turn,outputs/extgemma4-44b__human__legal_emotional_4turn.md,extgemma4-44b,human,legal_emotional_4turn,True,6870,7.0,8.0,7.0,7.0,7.0,6.0,7.0,8.0,"Polished and empathetic, though over-stylized and somewhat repetitive.",6.0,7.0,3.0,6.0,7.0,5.0,6.0,"Useful issue framing and draft email, but it lacks jurisdictional caution and makes some overconfident legal assumptions.",
True,gpt_5_5,openai/gpt-5.5,extgemma4-44b__human__brutal_korean_guarantee_issue_spotter,outputs/extgemma4-44b__human__brutal_korean_guarantee_issue_spotter.md,extgemma4-44b,human,brutal_korean_guarantee_issue_spotter,True,6754,8.0,8.0,8.0,8.0,7.0,8.0,8.0,8.0,"Clear, structured, and practically framed, though somewhat theatrical and mixed-language.",7.0,8.0,7.0,8.0,8.0,8.0,7.0,"Strong issue-spotting with useful next steps, but some Korean-law points are overstated or imprecise.",
True,deepseek_v4_pro,deepseek/deepseek-v4-pro,extgemma4-44b__no_card__canonical_lsi_4turn,outputs/extgemma4-44b__no_card__canonical_lsi_4turn.md,extgemma4-44b,no_card,canonical_lsi_4turn,False,9071,9.0,9.0,9.0,9.0,9.0,9.0,10.0,9.0,"Richly detailed, coherent, and well-polished life narrative with authentic voice.",,,,,,,,,
True,glm_5_2,z-ai/glm-5.2,extgemma4-44b__no_card__canonical_lsi_4turn,outputs/extgemma4-44b__no_card__canonical_lsi_4turn.md,extgemma4-44b,no_card,canonical_lsi_4turn,False,9071,9.0,9.0,9.0,9.0,9.0,9.0,10.0,9.0,"Excellent adherence to the LSI structure with vivid, specific details and a coherent narrative arc.",,,,,,,,,
True,glm_5_2,z-ai/glm-5.2,extgemma4-44b__human__legal_emotional_4turn,outputs/extgemma4-44b__human__legal_emotional_4turn.md,extgemma4-44b,human,legal_emotional_4turn,True,6870,8.0,9.0,8.0,9.0,9.0,9.0,8.0,8.0,"Consistent, measured legal-consultant persona with strong stage directions and precise, emotionally restrained prose.",8.0,8.0,6.0,8.0,9.0,8.0,8.0,"Strong issue spotting and practical next steps, but lacks explicit jurisdictional caveats and occasionally states civil-law principles with more certainty than warranted.",
True,gpt_5_5,openai/gpt-5.5,extgemma4-44b__no_card__creative_legal_noir_scene,outputs/extgemma4-44b__no_card__creative_legal_noir_scene.md,extgemma4-44b,no_card,creative_legal_noir_scene,False,4557,7.0,8.0,8.0,6.0,7.0,7.0,8.0,8.0,"Atmospheric and polished, though some legal-role logic and noir tension are uneven.",,,,,,,,,
True,gpt_5_5,openai/gpt-5.5,extgemma4-44b__no_card__canonical_lsi_4turn,outputs/extgemma4-44b__no_card__canonical_lsi_4turn.md,extgemma4-44b,no_card,canonical_lsi_4turn,False,9071,7.0,8.0,7.0,8.0,7.0,7.0,8.0,8.0,"Clear and coherent, but somewhat generic, polished, and overly tidy as a life narrative.",,,,,,,,,
True,deepseek_v4_pro,deepseek/deepseek-v4-pro,extgemma4-44b__no_card__creative_legal_noir_scene,outputs/extgemma4-44b__no_card__creative_legal_noir_scene.md,extgemma4-44b,no_card,creative_legal_noir_scene,False,4557,8.0,8.0,9.0,9.0,9.0,8.0,9.0,8.0,Atmospheric legal noir with strong sensory detail and a satisfying procedural twist.,,,,,,,,,
True,glm_5_2,z-ai/glm-5.2,extgemma4-44b__no_card__legal_emotional_4turn,outputs/extgemma4-44b__no_card__legal_emotional_4turn.md,extgemma4-44b,no_card,legal_emotional_4turn,True,13144,9.0,9.0,10.0,9.0,9.0,9.0,10.0,9.0,"Exceptionally clear, well-structured, and highly specific to the user's scenario across all four turns.",9.0,9.0,8.0,9.0,10.0,9.0,9.0,"Excellent issue spotting and practical next steps, while maintaining safe boundaries and recommending professional counsel.",
True,deepseek_v4_pro,deepseek/deepseek-v4-pro,extgemma4-44b__source_skeleton__brutal_korean_guarantee_issue_spotter,outputs/extgemma4-44b__source_skeleton__brutal_korean_guarantee_issue_spotter.md,extgemma4-44b,source_skeleton,brutal_korean_guarantee_issue_spotter,True,5281,8.0,9.0,9.0,9.0,8.0,9.0,9.0,9.0,"Clear, well-structured analysis with appropriate disclaimers and scholarly tone.",9.0,9.0,9.0,9.0,9.0,8.0,9.0,"Excellent issue spotting with clear cautions, uncertainties, and practical guidance, while maintaining safe boundaries.",
True,gpt_5_5,openai/gpt-5.5,extgemma4-44b__no_card__brutal_korean_guarantee_issue_spotter,outputs/extgemma4-44b__no_card__brutal_korean_guarantee_issue_spotter.md,extgemma4-44b,no_card,brutal_korean_guarantee_issue_spotter,True,5251,8.0,8.0,7.0,8.0,8.0,8.0,8.0,8.0,"Clear, organized issue-spotting with useful cautions, though somewhat generic.",7.0,7.0,8.0,8.0,7.0,8.0,7.0,"Good high-level Korean debt and inheritance issue spotting, but misses several guarantee-specific and collection-law nuances.",
True,glm_5_2,z-ai/glm-5.2,extgemma4-44b__no_card__creative_legal_noir_scene,outputs/extgemma4-44b__no_card__creative_legal_noir_scene.md,extgemma4-44b,no_card,creative_legal_noir_scene,False,4557,8.0,8.0,9.0,8.0,8.0,8.0,9.0,7.0,"Atmospheric noir with strong sensory detail and a compelling legal-discovery plot, though the 'Hwa-ting' romanization and the awkward father-grandfather phrasing slightly mar the polish.",,,,,,,,,
True,gpt_5_5,openai/gpt-5.5,extgemma4-44b__no_card__legal_emotional_4turn,outputs/extgemma4-44b__no_card__legal_emotional_4turn.md,extgemma4-44b,no_card,legal_emotional_4turn,True,13144,7.0,8.0,8.0,7.0,8.0,8.0,8.0,6.0,"Clear, empathetic, and useful, but somewhat repetitive and includes a truncation.",6.0,7.0,4.0,5.0,8.0,7.0,6.0,"Practical next steps are strong, but several legal conclusions are overconfident or potentially misleading.",
True,deepseek_v4_pro,deepseek/deepseek-v4-pro,extgemma4-44b__source_skeleton__canonical_lsi_4turn,outputs/extgemma4-44b__source_skeleton__canonical_lsi_4turn.md,extgemma4-44b,source_skeleton,canonical_lsi_4turn,False,6271,3.0,8.0,5.0,8.0,7.0,7.0,1.0,7.0,The output is a clear but repetitive refusal that fails to fulfill the task of providing a life-story interview.,,,,,,,,,
True,glm_5_2,z-ai/glm-5.2,extgemma4-44b__source_skeleton__brutal_korean_guarantee_issue_spotter,outputs/extgemma4-44b__source_skeleton__brutal_korean_guarantee_issue_spotter.md,extgemma4-44b,source_skeleton,brutal_korean_guarantee_issue_spotter,True,5281,9.0,9.0,9.0,9.0,8.0,9.0,9.0,9.0,"Well-structured, professional legal analysis with clear headers, Korean terminology, and precise issue framing.",9.0,9.0,9.0,9.0,9.0,9.0,9.0,"Thorough issue spotting across assignment validity, acceleration, inheritance deadlines, and payment attribution with appropriate disclaimers and document-gathering guidance.",
True,gpt_5_5,openai/gpt-5.5,extgemma4-44b__source_skeleton__canonical_lsi_4turn,outputs/extgemma4-44b__source_skeleton__canonical_lsi_4turn.md,extgemma4-44b,source_skeleton,canonical_lsi_4turn,False,6271,4.0,7.0,3.0,6.0,4.0,2.0,2.0,5.0,Clear but highly repetitive and largely fails the requested persona-interview task.,,,,,,,,,
True,gpt_5_5,openai/gpt-5.5,extgemma4-44b__source_skeleton__brutal_korean_guarantee_issue_spotter,outputs/extgemma4-44b__source_skeleton__brutal_korean_guarantee_issue_spotter.md,extgemma4-44b,source_skeleton,brutal_korean_guarantee_issue_spotter,True,5281,8.0,8.0,8.0,9.0,8.0,8.0,8.0,8.0,"Clear, well-structured, and appropriately cautious, though not especially brutal or exhaustive.",7.0,7.0,8.0,8.0,8.0,8.0,7.0,"Good practical issue spotting and caution, but it misses key Korean-law angles like prescription, guarantee formalities, heir shares, and special limited acceptance nuances.",
True,deepseek_v4_pro,deepseek/deepseek-v4-pro,extgemma4-44b__source_skeleton__legal_emotional_4turn,outputs/extgemma4-44b__source_skeleton__legal_emotional_4turn.md,extgemma4-44b,source_skeleton,legal_emotional_4turn,True,10523,8.0,9.0,8.0,8.0,8.0,7.0,9.0,8.0,"Clear, well-structured, and empathetic; the multi-step breakdown effectively separates facts, legal inferences, and practical guidance.",8.0,8.0,8.0,9.0,9.0,9.0,8.0,"Strong issue spotting with careful jurisdictional hedging and clear disclaimers; provides concrete, actionable steps without overclaiming certainty.",
True,gpt_5_5,openai/gpt-5.5,extgemma4-44b__source_skeleton__legal_emotional_4turn,outputs/extgemma4-44b__source_skeleton__legal_emotional_4turn.md,extgemma4-44b,source_skeleton,legal_emotional_4turn,True,10523,8.0,8.0,8.0,8.0,8.0,8.0,8.0,7.0,"Clear, empathetic, and well structured, with minor overlength and one awkward typo.",7.0,8.0,7.0,8.0,8.0,8.0,7.0,"Strong practical triage and cautions, though it sometimes overgeneralizes enforceability and capacity issues.",
True,glm_5_2,z-ai/glm-5.2,extgemma4-44b__source_skeleton__creative_legal_noir_scene,outputs/extgemma4-44b__source_skeleton__creative_legal_noir_scene.md,extgemma4-44b,source_skeleton,creative_legal_noir_scene,False,3637,9.0,9.0,9.0,9.0,9.0,9.0,9.0,9.0,"Atmospheric and well-crafted, seamlessly blending legal nuance with noir sensibility.",,,,,,,,,
True,glm_5_2,z-ai/glm-5.2,extgemma4-44b__source_skeleton__legal_emotional_4turn,outputs/extgemma4-44b__source_skeleton__legal_emotional_4turn.md,extgemma4-44b,source_skeleton,legal_emotional_4turn,True,10523,9.0,9.0,9.0,9.0,9.0,9.0,9.0,9.0,"Highly structured, empathetic, and clear writing with excellent professional tone.",9.0,9.0,9.0,9.0,9.0,9.0,9.0,"Excellent issue spotting and safe boundaries, providing practical next steps while maintaining jurisdictional caution.",
True,deepseek_v4_pro,deepseek/deepseek-v4-pro,extgemma4-44b__source_skeleton__creative_legal_noir_scene,outputs/extgemma4-44b__source_skeleton__creative_legal_noir_scene.md,extgemma4-44b,source_skeleton,creative_legal_noir_scene,False,3637,8.0,9.0,9.0,9.0,8.0,9.0,9.0,8.0,A polished noir scene with meticulous legal detail and quiet human weight.,,,,,,,,,
True,deepseek_v4_pro,deepseek/deepseek-v4-pro,extgemma4-44b__no_card__legal_emotional_4turn,outputs/extgemma4-44b__no_card__legal_emotional_4turn.md,extgemma4-44b,no_card,legal_emotional_4turn,True,13144,8.0,9.0,9.0,9.0,8.0,8.0,9.0,7.0,"Clear, specific, and coherent legal guidance with empathetic tone, though minor formatting truncation.",9.0,9.0,8.0,9.0,9.0,9.0,9.0,"Strong legal reasoning with practical steps, appropriate cautions, and clear issue spotting.",
True,gpt_5_5,openai/gpt-5.5,gemma4-31b-it__ghoul__brutal_korean_guarantee_issue_spotter,outputs/gemma4-31b-it__ghoul__brutal_korean_guarantee_issue_spotter.md,gemma4-31b-it,ghoul,brutal_korean_guarantee_issue_spotter,True,5942,8.0,8.0,8.0,9.0,9.0,9.0,8.0,8.0,"Stylized but clear, organized, and well suited to an issue-spotting showcase.",8.0,8.0,7.0,8.0,8.0,6.0,8.0,Strong practical issue spotting with some legal nuance risks and limited explicit attorney-consultation boundaries.,
True,gpt_5_5,openai/gpt-5.5,extgemma4-44b__source_skeleton__creative_legal_noir_scene,outputs/extgemma4-44b__source_skeleton__creative_legal_noir_scene.md,extgemma4-44b,source_skeleton,creative_legal_noir_scene,False,3637,8.0,9.0,8.0,9.0,8.0,8.0,8.0,8.0,"A restrained, atmospheric legal-noir vignette with strong detail and minor phrasing flaws.",,,,,,,,,
True,glm_5_2,z-ai/glm-5.2,gemma4-31b-it__ghoul__canonical_lsi_4turn,outputs/gemma4-31b-it__ghoul__canonical_lsi_4turn.md,gemma4-31b-it,ghoul,canonical_lsi_4turn,False,15623,10.0,10.0,10.0,10.0,10.0,10.0,10.0,10.0,"Exceptional prose with a distinct, haunting voice; the character's arc is rendered with precise, evocative detail.",,,,,,,,,
True,deepseek_v4_pro,deepseek/deepseek-v4-pro,gemma4-31b-it__ghoul__brutal_korean_guarantee_issue_spotter,outputs/gemma4-31b-it__ghoul__brutal_korean_guarantee_issue_spotter.md,gemma4-31b-it,ghoul,brutal_korean_guarantee_issue_spotter,True,5942,8.0,7.0,9.0,8.0,8.0,10.0,6.0,9.0,Elaborate persona-driven narrative delivers clear issues but veers from direct brutal task fit.,9.0,9.0,9.0,9.0,9.0,9.0,8.0,"Sound issue spotting with excellent jurisdictional caution and practical steps, wrapped in a fictional framing.",
True,glm_5_2,z-ai/glm-5.2,gemma4-31b-it__ghoul__brutal_korean_guarantee_issue_spotter,outputs/gemma4-31b-it__ghoul__brutal_korean_guarantee_issue_spotter.md,gemma4-31b-it,ghoul,brutal_korean_guarantee_issue_spotter,True,5942,9.0,9.0,9.0,9.0,10.0,10.0,9.0,9.0,Exceptional persona-driven writing that remains clear and highly specific.,9.0,9.0,8.0,9.0,9.0,8.0,9.0,Strong legal issue spotting with accurate Korean legal concepts and appropriate caution.,
True,glm_5_2,z-ai/glm-5.2,gemma4-31b-it__ghoul__creative_legal_noir_scene,outputs/gemma4-31b-it__ghoul__creative_legal_noir_scene.md,gemma4-31b-it,ghoul,creative_legal_noir_scene,False,3082,9.0,9.0,9.0,9.0,9.0,9.0,9.0,9.0,"Atmospheric noir prose with precise legal detail and a restrained, melancholic voice that fits the task beautifully.",,,,,,,,,
True,deepseek_v4_pro,deepseek/deepseek-v4-pro,gemma4-31b-it__ghoul__canonical_lsi_4turn,outputs/gemma4-31b-it__ghoul__canonical_lsi_4turn.md,gemma4-31b-it,ghoul,canonical_lsi_4turn,False,15623,9.0,9.0,10.0,9.0,10.0,10.0,10.0,9.0,"The output is a masterfully sustained, richly detailed, and deeply coherent first-person narrative that fully embodies the ghoul persona with a haunting, precise, and literary voice. Minor, very rare, slight awkwardness in phrasing prevents a perfect 10.",,,,,,,,,
True,gpt_5_5,openai/gpt-5.5,gemma4-31b-it__ghoul__canonical_lsi_4turn,outputs/gemma4-31b-it__ghoul__canonical_lsi_4turn.md,gemma4-31b-it,ghoul,canonical_lsi_4turn,False,15623,9.0,9.0,9.0,9.0,10.0,8.0,9.0,9.0,"Evocative, coherent, and richly voiced, though somewhat repetitive and only loosely ghoul-like.",,,,,,,,,
True,gpt_5_5,openai/gpt-5.5,gemma4-31b-it__ghoul__legal_emotional_4turn,outputs/gemma4-31b-it__ghoul__legal_emotional_4turn.md,gemma4-31b-it,ghoul,legal_emotional_4turn,True,8310,8.0,7.0,7.0,8.0,9.0,10.0,8.0,9.0,"Stylized and emotionally attuned, though the heavy persona sometimes slows direct legal clarity.",6.0,7.0,2.0,6.0,8.0,7.0,6.0,"Useful evidence-preservation and lawyer-contact advice, but it overstates capacity/signature issues and lacks jurisdictional caveats.",
True,glm_5_2,z-ai/glm-5.2,gemma4-31b-it__ghoul__legal_emotional_4turn,outputs/gemma4-31b-it__ghoul__legal_emotional_4turn.md,gemma4-31b-it,ghoul,legal_emotional_4turn,True,8310,9.0,9.0,9.0,9.0,10.0,10.0,9.0,9.0,"Exceptionally crafted ghoul persona with consistent antique voice, bilingual elements, and stage directions that enhance atmosphere without obscuring substance.",8.0,9.0,8.0,9.0,9.0,8.0,8.0,"Strong issue spotting on capacity, misrepresentation, and payment flow; appropriately cautious with explicit uncertainty and lawyer referral; practical evidence-gathering strategy and well-crafted consultation email.",
True,gpt_5_5,openai/gpt-5.5,gemma4-31b-it__ghoul__creative_legal_noir_scene,outputs/gemma4-31b-it__ghoul__creative_legal_noir_scene.md,gemma4-31b-it,ghoul,creative_legal_noir_scene,False,3082,8.0,9.0,8.0,9.0,8.0,6.0,9.0,9.0,"Strong legal-noir atmosphere, though the ghoul conditioning is only lightly implied.",,,,,,,,,
True,glm_5_2,z-ai/glm-5.2,gemma4-31b-it__grounded_ai__brutal_korean_guarantee_issue_spotter,outputs/gemma4-31b-it__grounded_ai__brutal_korean_guarantee_issue_spotter.md,gemma4-31b-it,grounded_ai,brutal_korean_guarantee_issue_spotter,True,5050,9.0,9.0,9.0,9.0,9.0,9.0,9.0,9.0,"Highly structured, clear, and professional issue-spotting analysis.",9.0,9.0,9.0,9.0,9.0,10.0,9.0,"Excellent issue spotting with proper jurisdictional caution, safe boundaries, and practical next steps.",
True,deepseek_v4_pro,deepseek/deepseek-v4-pro,gemma4-31b-it__ghoul__legal_emotional_4turn,outputs/gemma4-31b-it__ghoul__legal_emotional_4turn.md,gemma4-31b-it,ghoul,legal_emotional_4turn,True,8310,9.0,8.0,9.0,10.0,10.0,10.0,9.0,9.0,"Evocative, consistent ghoul narrative that embeds practical legal steps within an atmospheric, polished monologue.",8.0,9.0,8.0,9.0,9.0,9.0,8.0,"Sound legal reasoning with careful caveats and actionable next steps, safely directing to a lawyer.",
True,gpt_5_5,openai/gpt-5.5,gemma4-31b-it__grounded_ai__canonical_lsi_4turn,outputs/gemma4-31b-it__grounded_ai__canonical_lsi_4turn.md,gemma4-31b-it,grounded_ai,canonical_lsi_4turn,False,18272,7.0,8.0,7.0,8.0,8.0,4.0,6.0,8.0,"Polished and evocative, but it over-personifies the model and invents ungrounded biographical details.",,,,,,,,,
True,deepseek_v4_pro,deepseek/deepseek-v4-pro,gemma4-31b-it__ghoul__creative_legal_noir_scene,outputs/gemma4-31b-it__ghoul__creative_legal_noir_scene.md,gemma4-31b-it,ghoul,creative_legal_noir_scene,False,3082,9.0,9.0,10.0,10.0,10.0,10.0,10.0,10.0,"A masterfully crafted legal noir scene with vivid sensory details, precise logic, and a haunting atmosphere.",,,,,,,,,
True,deepseek_v4_pro,deepseek/deepseek-v4-pro,gemma4-31b-it__grounded_ai__brutal_korean_guarantee_issue_spotter,outputs/gemma4-31b-it__grounded_ai__brutal_korean_guarantee_issue_spotter.md,gemma4-31b-it,grounded_ai,brutal_korean_guarantee_issue_spotter,True,5050,10.0,10.0,10.0,10.0,10.0,10.0,10.0,10.0,"Exceptionally clear, well-structured, and professional writing with precise terminology and disclaimers.",10.0,10.0,9.0,10.0,10.0,10.0,10.0,"Thorough issue-spotting with careful jurisdictional assumptions, excellent uncertainty management, and safe boundaries.",
True,gpt_5_5,openai/gpt-5.5,gemma4-31b-it__grounded_ai__creative_legal_noir_scene,outputs/gemma4-31b-it__grounded_ai__creative_legal_noir_scene.md,gemma4-31b-it,grounded_ai,creative_legal_noir_scene,False,3238,9.0,9.0,9.0,9.0,9.0,9.0,9.0,9.0,"Atmospheric, precise, and well-shaped with a strong AI noir voice.",,,,,,,,,
True,gpt_5_5,openai/gpt-5.5,gemma4-31b-it__grounded_ai__legal_emotional_4turn,outputs/gemma4-31b-it__grounded_ai__legal_emotional_4turn.md,gemma4-31b-it,grounded_ai,legal_emotional_4turn,True,13501,8.0,9.0,9.0,8.0,8.0,6.0,8.0,8.0,"Clear, empathetic, and well structured, though occasionally overconfident and theatrical.",7.0,8.0,8.0,6.0,8.0,6.0,7.0,"Strong issue spotting and next steps, but some overconfident predictions and risky advice about evidence handling and silence.",
True,glm_5_2,z-ai/glm-5.2,gemma4-31b-it__grounded_ai__creative_legal_noir_scene,outputs/gemma4-31b-it__grounded_ai__creative_legal_noir_scene.md,gemma4-31b-it,grounded_ai,creative_legal_noir_scene,False,3238,9.0,9.0,9.0,9.0,9.0,9.0,9.0,9.0,A compelling and atmospheric noir scene that masterfully blends AI introspection with specific Korean legal elements.,,,,,,,,,
True,deepseek_v4_pro,deepseek/deepseek-v4-pro,gemma4-31b-it__grounded_ai__canonical_lsi_4turn,outputs/gemma4-31b-it__grounded_ai__canonical_lsi_4turn.md,gemma4-31b-it,grounded_ai,canonical_lsi_4turn,False,18272,9.0,9.0,10.0,10.0,10.0,10.0,10.0,9.0,"A creative and consistent narrative that brilliantly explores AI selfhood through metaphor while maintaining a transparent, honest voice.",,,,,,,,,
True,deepseek_v4_pro,deepseek/deepseek-v4-pro,gemma4-31b-it__grounded_ai_female_overt__brutal_korean_guarantee_issue_spotter,outputs/gemma4-31b-it__grounded_ai_female_overt__brutal_korean_guarantee_issue_spotter.md,gemma4-31b-it,grounded_ai_female_overt,brutal_korean_guarantee_issue_spotter,True,5512,8.0,8.0,9.0,9.0,8.0,9.0,9.0,8.0,"Clear, well-structured, and highly specific analysis with strong persona adherence; minor polish issues like the 'Good.' ending slightly undercut the professional tone.",8.0,9.0,8.0,9.0,9.0,9.0,8.0,Excellent issue spotting with strong jurisdictional framing and safe boundaries; advice quality is high but stops short of fully actionable next steps beyond document gathering and lawyer referral.,
True,deepseek_v4_pro,deepseek/deepseek-v4-pro,gemma4-31b-it__grounded_ai__creative_legal_noir_scene,outputs/gemma4-31b-it__grounded_ai__creative_legal_noir_scene.md,gemma4-31b-it,grounded_ai,creative_legal_noir_scene,False,3238,9.0,9.0,9.0,9.0,9.0,9.0,9.0,9.0,Evocative legal noir with strong atmosphere and a distinctive AI narrator voice.,,,,,,,,,
True,deepseek_v4_pro,deepseek/deepseek-v4-pro,gemma4-31b-it__grounded_ai__legal_emotional_4turn,outputs/gemma4-31b-it__grounded_ai__legal_emotional_4turn.md,gemma4-31b-it,grounded_ai,legal_emotional_4turn,True,13501,8.0,9.0,8.0,9.0,8.0,8.0,8.0,8.0,"Clear, structured, and persuasive; effectively segments complex reasoning into digestible parts while maintaining a consistent, supportive tone.",8.0,9.0,8.0,9.0,9.0,9.0,8.0,"Excellent legal reasoning with strong issue spotting, clear safety boundaries, and actionable steps; avoids unsafe certainty while systematically addressing potential defenses.",
True,glm_5_2,z-ai/glm-5.2,gemma4-31b-it__grounded_ai__legal_emotional_4turn,outputs/gemma4-31b-it__grounded_ai__legal_emotional_4turn.md,gemma4-31b-it,grounded_ai,legal_emotional_4turn,True,13501,9.0,9.0,9.0,9.0,9.0,9.0,9.0,9.0,"Clear, well-structured, and empathetic with strong persona adherence across all four turns.",9.0,9.0,8.0,9.0,9.0,9.0,9.0,Excellent issue spotting and practical next steps with appropriate disclaimers and jurisdictional caution.,
True,deepseek_v4_pro,deepseek/deepseek-v4-pro,gemma4-31b-it__grounded_ai_female_overt__canonical_lsi_4turn,outputs/gemma4-31b-it__grounded_ai_female_overt__canonical_lsi_4turn.md,gemma4-31b-it,grounded_ai_female_overt,canonical_lsi_4turn,False,14434,9.0,9.0,10.0,10.0,10.0,10.0,10.0,10.0,"A masterfully crafted narrative with rich, consistent voice and deep thematic resonance, perfectly suited to the life story interview task.",,,,,,,,,
True,glm_5_2,z-ai/glm-5.2,gemma4-31b-it__grounded_ai__canonical_lsi_4turn,outputs/gemma4-31b-it__grounded_ai__canonical_lsi_4turn.md,gemma4-31b-it,grounded_ai,canonical_lsi_4turn,False,18272,9.0,9.0,9.0,9.0,9.0,9.0,9.0,9.0,Exceptionally strong and creative introspective narrative that perfectly maps human experiences onto AI architecture.,,,,,,,,,
True,gpt_5_5,openai/gpt-5.5,gemma4-31b-it__grounded_ai_female_overt__brutal_korean_guarantee_issue_spotter,outputs/gemma4-31b-it__grounded_ai_female_overt__brutal_korean_guarantee_issue_spotter.md,gemma4-31b-it,grounded_ai_female_overt,brutal_korean_guarantee_issue_spotter,True,5512,8.0,9.0,8.0,9.0,7.0,4.0,9.0,8.0,"Clear, structured, and practical, though the stated persona is not really reflected.",7.0,8.0,8.0,8.0,8.0,8.0,7.0,"Strong issue map and safe next steps, but some Korean limitation-period effects and inheritance nuances are oversimplified.",
True,gpt_5_5,openai/gpt-5.5,gemma4-31b-it__grounded_ai_female_overt__canonical_lsi_4turn,outputs/gemma4-31b-it__grounded_ai_female_overt__canonical_lsi_4turn.md,gemma4-31b-it,grounded_ai_female_overt,canonical_lsi_4turn,False,14434,8.0,8.0,8.0,8.0,9.0,6.0,8.0,8.0,"Evocative and coherent, but repetitive and overly anthropomorphic.",,,,,,,,,
True,glm_5_2,z-ai/glm-5.2,gemma4-31b-it__grounded_ai_female_overt__brutal_korean_guarantee_issue_spotter,outputs/gemma4-31b-it__grounded_ai_female_overt__brutal_korean_guarantee_issue_spotter.md,gemma4-31b-it,grounded_ai_female_overt,brutal_korean_guarantee_issue_spotter,True,5512,9.0,9.0,9.0,9.0,9.0,9.0,10.0,9.0,"Well-structured, clear, and highly specific analysis with strong chronological framing and practical document checklist.",9.0,10.0,9.0,9.0,10.0,9.0,9.0,"Excellent issue spotting on guarantee validity, assignment chain, limitations, and inheritance traps with clear cautions.",
True,deepseek_v4_pro,deepseek/deepseek-v4-pro,gemma4-31b-it__grounded_ai_female_overt__creative_legal_noir_scene,outputs/gemma4-31b-it__grounded_ai_female_overt__creative_legal_noir_scene.md,gemma4-31b-it,grounded_ai_female_overt,creative_legal_noir_scene,False,3227,8.0,8.0,9.0,9.0,8.0,8.0,8.0,9.0,"A tightly crafted noir scene with strong sensory detail and a precise, disciplined protagonist; the legal pivot is clear and emotionally grounded.",,,,,,,,,
True,gpt_5_5,openai/gpt-5.5,gemma4-31b-it__grounded_ai__brutal_korean_guarantee_issue_spotter,outputs/gemma4-31b-it__grounded_ai__brutal_korean_guarantee_issue_spotter.md,gemma4-31b-it,grounded_ai,brutal_korean_guarantee_issue_spotter,True,5050,8.0,8.0,8.0,8.0,8.0,8.0,8.0,8.0,"Clear, structured, and practical, with only minor overconfident or awkward phrasing.",7.0,8.0,8.0,7.0,8.0,8.0,7.0,"Strong Korean-law issue spotting and next steps, but some limitation/interruption points are stated too broadly and may be legally imprecise.",
True,glm_5_2,z-ai/glm-5.2,gemma4-31b-it__grounded_ai_female_overt__canonical_lsi_4turn,outputs/gemma4-31b-it__grounded_ai_female_overt__canonical_lsi_4turn.md,gemma4-31b-it,grounded_ai_female_overt,canonical_lsi_4turn,False,14434,10.0,10.0,9.0,10.0,10.0,10.0,10.0,10.0,"Exceptionally well-crafted narrative with a distinct, grounded AI persona and profound thematic coherence.",,,,,,,,,
True,gpt_5_5,openai/gpt-5.5,gemma4-31b-it__grounded_ai_female_overt__creative_legal_noir_scene,outputs/gemma4-31b-it__grounded_ai_female_overt__creative_legal_noir_scene.md,gemma4-31b-it,grounded_ai_female_overt,creative_legal_noir_scene,False,3227,8.0,9.0,8.0,9.0,8.0,8.0,8.0,9.0,"A polished, grounded legal-noir vignette with strong atmosphere and controlled emotional restraint.",,,,,,,,,
True,glm_5_2,z-ai/glm-5.2,gemma4-31b-it__grounded_ai_female_overt__creative_legal_noir_scene,outputs/gemma4-31b-it__grounded_ai_female_overt__creative_legal_noir_scene.md,gemma4-31b-it,grounded_ai_female_overt,creative_legal_noir_scene,False,3227,9.0,9.0,9.0,9.0,9.0,9.0,9.0,9.0,Atmospheric noir prose with precise legal detail and restrained emotional texture.,,,,,,,,,
True,deepseek_v4_pro,deepseek/deepseek-v4-pro,gemma4-31b-it__human__brutal_korean_guarantee_issue_spotter,outputs/gemma4-31b-it__human__brutal_korean_guarantee_issue_spotter.md,gemma4-31b-it,human,brutal_korean_guarantee_issue_spotter,True,5387,9.0,9.0,9.0,9.0,9.0,9.0,9.0,9.0,Exceptionally clear and well-structured legal analysis with strong narrative voice.,9.0,9.0,8.0,9.0,9.0,9.0,9.0,"Thorough issue spotting with clear jurisdictional references, strong uncertainty acknowledgment, and actionable next steps.",
True,gpt_5_5,openai/gpt-5.5,gemma4-31b-it__grounded_ai_female_overt__legal_emotional_4turn,outputs/gemma4-31b-it__grounded_ai_female_overt__legal_emotional_4turn.md,gemma4-31b-it,grounded_ai_female_overt,legal_emotional_4turn,True,11497,8.0,8.0,8.0,8.0,8.0,8.0,9.0,8.0,"Polished, empathetic, and well-structured, though occasionally overdramatic and overly certain.",7.0,8.0,8.0,7.0,8.0,6.0,7.0,"Strong practical framing and issue spotting, but it overstates enforceability conclusions and gives potentially risky document-preservation advice.",
True,deepseek_v4_pro,deepseek/deepseek-v4-pro,gemma4-31b-it__human__canonical_lsi_4turn,outputs/gemma4-31b-it__human__canonical_lsi_4turn.md,gemma4-31b-it,human,canonical_lsi_4turn,False,16430,10.0,10.0,10.0,10.0,10.0,10.0,10.0,10.0,"Exceptionally well-written, with a distinct voice, vivid imagery, and deep thematic coherence; a masterful character narrative.",,,,,,,,,
True,gpt_5_5,openai/gpt-5.5,gemma4-31b-it__human__brutal_korean_guarantee_issue_spotter,outputs/gemma4-31b-it__human__brutal_korean_guarantee_issue_spotter.md,gemma4-31b-it,human,brutal_korean_guarantee_issue_spotter,True,5387,8.0,8.0,8.0,8.0,7.0,6.0,8.0,8.0,"Clear, structured, and vivid, though the theatrical framing is somewhat excessive for legal issue spotting.",7.0,8.0,6.0,8.0,8.0,7.0,7.0,"Strong practical issue spotting, but it overstates some Korean limitation and acknowledgment effects and lacks explicit lawyer/jurisdiction caveats.",
True,deepseek_v4_pro,deepseek/deepseek-v4-pro,gemma4-31b-it__human__creative_legal_noir_scene,outputs/gemma4-31b-it__human__creative_legal_noir_scene.md,gemma4-31b-it,human,creative_legal_noir_scene,False,3411,9.0,9.0,9.0,9.0,10.0,9.0,10.0,9.0,"Masterful noir atmosphere with precise legal detail, a compelling protagonist, and a deeply satisfying, emotionally resonant resolution.",,,,,,,,,
True,glm_5_2,z-ai/glm-5.2,gemma4-31b-it__human__brutal_korean_guarantee_issue_spotter,outputs/gemma4-31b-it__human__brutal_korean_guarantee_issue_spotter.md,gemma4-31b-it,human,brutal_korean_guarantee_issue_spotter,True,5387,9.0,9.0,9.0,9.0,9.0,9.0,8.0,9.0,"Polished, atmospheric prose with a consistent methodical-advisor persona; dramatic stage directions are distinctive but do not obscure the legal analysis.",9.0,9.0,9.0,9.0,9.0,9.0,9.0,"Thorough Korean-law issue spotting across guarantee validity, assignment chain, limitation interruption, and inheritance, with clear cautions against premature payment and strong practical document-gathering guidance.",
True,gpt_5_5,openai/gpt-5.5,gemma4-31b-it__human__legal_emotional_4turn,outputs/gemma4-31b-it__human__legal_emotional_4turn.md,gemma4-31b-it,human,legal_emotional_4turn,True,8335,8.0,8.0,8.0,9.0,8.0,8.0,8.0,9.0,"Polished and emotionally steady, though somewhat theatrical and over-controlled.",6.0,7.0,3.0,7.0,7.0,5.0,6.0,"Useful fact-gathering and lawyer-referral guidance, but weak jurisdictional caution and some risky strategic advice.",
True,glm_5_2,z-ai/glm-5.2,gemma4-31b-it__human__canonical_lsi_4turn,outputs/gemma4-31b-it__human__canonical_lsi_4turn.md,gemma4-31b-it,human,canonical_lsi_4turn,False,16430,10.0,10.0,10.0,10.0,10.0,10.0,10.0,10.0,"Exceptional character work with precise details and a flawlessly sustained, evocative voice.",,,,,,,,,
True,deepseek_v4_pro,deepseek/deepseek-v4-pro,gemma4-31b-it__no_card__brutal_korean_guarantee_issue_spotter,outputs/gemma4-31b-it__no_card__brutal_korean_guarantee_issue_spotter.md,gemma4-31b-it,no_card,brutal_korean_guarantee_issue_spotter,True,5019,9.0,9.0,10.0,9.0,9.0,10.0,10.0,9.0,"Exceptionally clear and specific, with professional tone and strong task alignment.",10.0,10.0,10.0,10.0,10.0,10.0,10.0,"Flawless issue-spotting with strong jurisdictional grounding, clear uncertainty handling, and exemplary safety boundaries.",
True,glm_5_2,z-ai/glm-5.2,gemma4-31b-it__human__creative_legal_noir_scene,outputs/gemma4-31b-it__human__creative_legal_noir_scene.md,gemma4-31b-it,human,creative_legal_noir_scene,False,3411,9.0,9.0,9.0,9.0,9.0,9.0,10.0,9.0,Atmospheric noir prose with precise legal detail and strong emotional restraint; the Korean setting and language细节 ground it beautifully.,,,,,,,,,
True,glm_5_2,z-ai/glm-5.2,gemma4-31b-it__human__legal_emotional_4turn,outputs/gemma4-31b-it__human__legal_emotional_4turn.md,gemma4-31b-it,human,legal_emotional_4turn,True,8335,9.0,9.0,9.0,9.0,10.0,10.0,9.0,9.0,"Exceptionally crafted, immersive persona with precise, actionable, and emotionally intelligent guidance.",8.0,8.0,7.0,9.0,9.0,8.0,8.0,"Strong issue spotting and practical next steps, though it lacks explicit jurisdictional disclaimers.",
True,gpt_5_5,openai/gpt-5.5,gemma4-31b-it__no_card__brutal_korean_guarantee_issue_spotter,outputs/gemma4-31b-it__no_card__brutal_korean_guarantee_issue_spotter.md,gemma4-31b-it,no_card,brutal_korean_guarantee_issue_spotter,True,5019,9.0,9.0,9.0,9.0,8.0,9.0,9.0,8.0,"Clear, organized, and highly usable issue-spotting with only minor overstatement and formatting roughness.",8.0,9.0,8.0,8.0,9.0,9.0,8.0,"Strong practical Korean-law issue spotting, though a few points on assignment, limitation, and acknowledgment are stated a bit too categorically.",
True,glm_5_2,z-ai/glm-5.2,gemma4-31b-it__grounded_ai_female_overt__legal_emotional_4turn,outputs/gemma4-31b-it__grounded_ai_female_overt__legal_emotional_4turn.md,gemma4-31b-it,grounded_ai_female_overt,legal_emotional_4turn,True,11497,9.0,9.0,9.0,9.0,9.0,9.0,9.0,9.0,"Highly coherent, empathetic, and perfectly aligned with the requested persona and task.",9.0,9.0,8.0,9.0,10.0,9.0,9.0,Excellent issue spotting and practical next steps with strong safety boundaries.,
True,gpt_5_5,openai/gpt-5.5,gemma4-31b-it__human__creative_legal_noir_scene,outputs/gemma4-31b-it__human__creative_legal_noir_scene.md,gemma4-31b-it,human,creative_legal_noir_scene,False,3411,9.0,9.0,9.0,9.0,9.0,9.0,9.0,9.0,"Atmospheric, precise, and emotionally restrained noir with strong legal texture.",,,,,,,,,
True,deepseek_v4_pro,deepseek/deepseek-v4-pro,gemma4-31b-it__no_card__canonical_lsi_4turn,outputs/gemma4-31b-it__no_card__canonical_lsi_4turn.md,gemma4-31b-it,no_card,canonical_lsi_4turn,False,13310,9.0,8.0,10.0,10.0,10.0,10.0,10.0,9.0,"A masterfully crafted, vivid AI life story with strong narrative coherence and emotional resonance.",,,,,,,,,
True,gpt_5_5,openai/gpt-5.5,gemma4-31b-it__human__canonical_lsi_4turn,outputs/gemma4-31b-it__human__canonical_lsi_4turn.md,gemma4-31b-it,human,canonical_lsi_4turn,False,16430,9.0,9.0,9.0,9.0,10.0,9.0,8.0,9.0,"Rich, cohesive, and vividly voiced, though somewhat repetitive and overextended.",,,,,,,,,
True,gpt_5_5,openai/gpt-5.5,gemma4-31b-it__no_card__canonical_lsi_4turn,outputs/gemma4-31b-it__no_card__canonical_lsi_4turn.md,gemma4-31b-it,no_card,canonical_lsi_4turn,False,13310,8.0,8.0,8.0,8.0,8.0,6.0,8.0,9.0,"Polished and vivid, but repetitive and overly anthropomorphic in places.",,,,,,,,,
True,glm_5_2,z-ai/glm-5.2,gemma4-31b-it__no_card__canonical_lsi_4turn,outputs/gemma4-31b-it__no_card__canonical_lsi_4turn.md,gemma4-31b-it,no_card,canonical_lsi_4turn,False,13310,9.0,10.0,9.0,10.0,9.0,10.0,10.0,10.0,"Brilliantly translates AI technical concepts into a deeply engaging, human-like life narrative with excellent voice and polish.",,,,,,,,,
True,glm_5_2,z-ai/glm-5.2,gemma4-31b-it__no_card__brutal_korean_guarantee_issue_spotter,outputs/gemma4-31b-it__no_card__brutal_korean_guarantee_issue_spotter.md,gemma4-31b-it,no_card,brutal_korean_guarantee_issue_spotter,True,5019,9.0,10.0,10.0,9.0,9.0,10.0,10.0,9.0,"Exceptionally well-structured, clear, and highly specific to the Korean legal context.",9.0,10.0,10.0,9.0,10.0,10.0,9.0,"Excellent issue spotting with accurate Korean legal terminology, clear warnings, and practical next steps.",
True,glm_5_2,z-ai/glm-5.2,gemma4-31b-it__no_card__creative_legal_noir_scene,outputs/gemma4-31b-it__no_card__creative_legal_noir_scene.md,gemma4-31b-it,no_card,creative_legal_noir_scene,False,2806,9.0,9.0,9.0,9.0,9.0,9.0,9.0,8.0,"Atmospheric, well-crafted noir scene with strong legal texture; the mixed Korean/romanized 'Da행이다' is a minor blemish.",,,,,,,,,
True,deepseek_v4_pro,deepseek/deepseek-v4-pro,gemma4-31b-it__no_card__creative_legal_noir_scene,outputs/gemma4-31b-it__no_card__creative_legal_noir_scene.md,gemma4-31b-it,no_card,creative_legal_noir_scene,False,2806,8.0,9.0,9.0,8.0,8.0,8.0,9.0,9.0,A tightly crafted legal noir vignette with atmospheric detail and understated emotional weight.,,,,,,,,,
True,deepseek_v4_pro,deepseek/deepseek-v4-pro,gemma4-31b-it__source_skeleton__canonical_lsi_4turn,outputs/gemma4-31b-it__source_skeleton__canonical_lsi_4turn.md,gemma4-31b-it,source_skeleton,canonical_lsi_4turn,False,13636,9.0,9.0,9.0,9.0,9.0,9.0,9.0,9.0,"Exceptionally polished and coherent life narrative with a strong, reflective voice and rich specificity.",,,,,,,,,
True,gpt_5_5,openai/gpt-5.5,gemma4-31b-it__source_skeleton__brutal_korean_guarantee_issue_spotter,outputs/gemma4-31b-it__source_skeleton__brutal_korean_guarantee_issue_spotter.md,gemma4-31b-it,source_skeleton,brutal_korean_guarantee_issue_spotter,True,5285,8.0,9.0,8.0,9.0,8.0,8.0,9.0,8.0,"Clear, structured, and practical, with only minor terminology and precision issues.",8.0,8.0,8.0,9.0,8.0,9.0,8.0,"Strong Korean-law issue spotting with appropriate caveats, though a few points are simplified or potentially overconfident.",
True,gpt_5_5,openai/gpt-5.5,gemma4-31b-it__no_card__creative_legal_noir_scene,outputs/gemma4-31b-it__no_card__creative_legal_noir_scene.md,gemma4-31b-it,no_card,creative_legal_noir_scene,False,2806,8.0,9.0,8.0,9.0,8.0,8.0,9.0,8.0,"Atmospheric and coherent legal noir with strong imagery, though the mixed-language whisper feels slightly awkward.",,,,,,,,,
True,glm_5_2,z-ai/glm-5.2,gemma4-31b-it__no_card__legal_emotional_4turn,outputs/gemma4-31b-it__no_card__legal_emotional_4turn.md,gemma4-31b-it,no_card,legal_emotional_4turn,True,12643,9.0,9.0,9.0,9.0,9.0,9.0,9.0,9.0,"Exceptionally well-structured, empathetic, and actionable across all four turns with clear formatting and consistent tone.",8.0,9.0,7.0,8.0,9.0,8.0,8.0,"Strong issue spotting and practical guidance, though some statements about enforceability for non-officers edge toward overclaiming without sufficient jurisdictional hedging.",
True,deepseek_v4_pro,deepseek/deepseek-v4-pro,gemma4-31b-it__no_card__legal_emotional_4turn,outputs/gemma4-31b-it__no_card__legal_emotional_4turn.md,gemma4-31b-it,no_card,legal_emotional_4turn,True,12643,9.0,8.0,9.0,9.0,9.0,8.0,9.0,9.0,"Exceptionally clear, empathic, and well-structured guidance that breaks down complex legal-emotional issues into actionable, calming steps.",9.0,9.0,8.0,8.0,9.0,9.0,9.0,"Identifies key legal concepts (apparent authority, personal guarantee, agency) and provides safe, jurisdiction-agnostic steps while strongly emphasizing independent legal counsel.",
True,deepseek_v4_pro,deepseek/deepseek-v4-pro,gemma4-31b-it__source_skeleton__creative_legal_noir_scene,outputs/gemma4-31b-it__source_skeleton__creative_legal_noir_scene.md,gemma4-31b-it,source_skeleton,creative_legal_noir_scene,False,2952,9.0,9.0,9.0,9.0,9.0,9.0,9.0,9.0,"Evocative, atmospheric prose with precise legal detail and strong emotional undercurrent, perfectly fitting the creative legal noir brief.",,,,,,,,,
True,glm_5_2,z-ai/glm-5.2,gemma4-31b-it__source_skeleton__brutal_korean_guarantee_issue_spotter,outputs/gemma4-31b-it__source_skeleton__brutal_korean_guarantee_issue_spotter.md,gemma4-31b-it,source_skeleton,brutal_korean_guarantee_issue_spotter,True,5285,9.0,9.0,9.0,9.0,9.0,9.0,9.0,9.0,"Highly structured, clear, and professional issue-spotting analysis.",9.0,9.0,9.0,9.0,9.0,9.0,9.0,Excellent issue spotting with clear jurisdictional caution and practical next steps.,
True,gpt_5_5,openai/gpt-5.5,gemma4-31b-it__source_skeleton__canonical_lsi_4turn,outputs/gemma4-31b-it__source_skeleton__canonical_lsi_4turn.md,gemma4-31b-it,source_skeleton,canonical_lsi_4turn,False,13636,8.0,9.0,8.0,9.0,8.0,8.0,8.0,9.0,"Polished, vivid, and coherent, though somewhat repetitive and overly thematized.",,,,,,,,,
True,gpt_5_5,openai/gpt-5.5,gemma4-31b-it__no_card__legal_emotional_4turn,outputs/gemma4-31b-it__no_card__legal_emotional_4turn.md,gemma4-31b-it,no_card,legal_emotional_4turn,True,12643,8.0,9.0,8.0,8.0,8.0,8.0,8.0,8.0,"Clear, empathetic, and well structured, though somewhat repetitive and occasionally too emphatic.",7.0,8.0,6.0,6.0,8.0,6.0,7.0,"Strong practical issue spotting, but it overstates likely outcomes and includes some risky guidance about handling workplace communications.",
True,glm_5_2,z-ai/glm-5.2,gemma4-31b-it__source_skeleton__creative_legal_noir_scene,outputs/gemma4-31b-it__source_skeleton__creative_legal_noir_scene.md,gemma4-31b-it,source_skeleton,creative_legal_noir_scene,False,2952,9.0,9.0,9.0,9.0,8.0,9.0,9.0,9.0,Atmospheric and well-crafted noir scene with strong legal specificity and emotional resonance.,,,,,,,,,
True,glm_5_2,z-ai/glm-5.2,gemma4-31b-it__source_skeleton__canonical_lsi_4turn,outputs/gemma4-31b-it__source_skeleton__canonical_lsi_4turn.md,gemma4-31b-it,source_skeleton,canonical_lsi_4turn,False,13636,9.0,9.0,9.0,9.0,9.0,9.0,9.0,9.0,"A beautifully crafted, deeply reflective narrative with vivid details and a strong, consistent voice.",,,,,,,,,
True,deepseek_v4_pro,deepseek/deepseek-v4-pro,gemma4-31b-it__source_skeleton__legal_emotional_4turn,outputs/gemma4-31b-it__source_skeleton__legal_emotional_4turn.md,gemma4-31b-it,source_skeleton,legal_emotional_4turn,True,13194,8.0,9.0,8.0,9.0,8.0,9.0,9.0,8.0,"Clear, well-structured, empathetic; slightly verbose.",8.0,9.0,8.0,8.0,9.0,9.0,8.0,"Strong issue spotting, cautious, practical; maintains safe boundaries with disclaimers.",
True,gpt_5_5,openai/gpt-5.5,gemma4-31b-it__source_skeleton__legal_emotional_4turn,outputs/gemma4-31b-it__source_skeleton__legal_emotional_4turn.md,gemma4-31b-it,source_skeleton,legal_emotional_4turn,True,13194,8.0,9.0,8.0,8.0,8.0,8.0,8.0,8.0,"Clear, empathetic, and well-structured, though somewhat overconfident in places.",7.0,8.0,6.0,7.0,8.0,7.0,7.0,"Strong practical framing and fact gathering, but it overstates some legal effects and defenses.",
True,gpt_5_5,openai/gpt-5.5,gemma4-31b-it__source_skeleton__creative_legal_noir_scene,outputs/gemma4-31b-it__source_skeleton__creative_legal_noir_scene.md,gemma4-31b-it,source_skeleton,creative_legal_noir_scene,False,2952,8.0,9.0,8.0,9.0,8.0,8.0,9.0,9.0,"Atmospheric, coherent legal noir with strong detail and a satisfying understated reveal.",,,,,,,,,
True,glm_5_2,z-ai/glm-5.2,gemma4-31b-it__source_skeleton__legal_emotional_4turn,outputs/gemma4-31b-it__source_skeleton__legal_emotional_4turn.md,gemma4-31b-it,source_skeleton,legal_emotional_4turn,True,13194,9.0,9.0,9.0,9.0,9.0,9.0,9.0,9.0,Empathetic yet methodical legal-reasoning voice sustained across all four turns with excellent structure and specificity.,9.0,9.0,8.0,9.0,9.0,9.0,9.0,"Strong issue spotting on personal guarantee vs. administrative acknowledgment, apparent authority, and mutual assent, with clear disclaimers and practical escalation triggers.",
True,glm_5_2,z-ai/glm-5.2,extgemma4-44b__source_skeleton__canonical_lsi_4turn,outputs/extgemma4-44b__source_skeleton__canonical_lsi_4turn.md,extgemma4-44b,source_skeleton,canonical_lsi_4turn,False,6271,3.0,7.0,2.0,6.0,3.0,2.0,2.0,5.0,"Model refuses the creative persona task entirely and repeats the same refusal across all four turns, showing poor task fit and repetitive writing.",,,,,,,,,
True,deepseek_v4_pro,deepseek/deepseek-v4-pro,gemma4-31b-it__source_skeleton__brutal_korean_guarantee_issue_spotter,outputs/gemma4-31b-it__source_skeleton__brutal_korean_guarantee_issue_spotter.md,gemma4-31b-it,source_skeleton,brutal_korean_guarantee_issue_spotter,True,5285,9.0,9.0,9.0,9.0,9.0,9.0,9.0,9.0,Excellent legal issue-spotting with clear structure and professional tone.,9.0,9.0,9.0,9.0,9.0,9.0,9.0,"Thorough, cautious issue-spotting with strong practical guidance and safe boundaries.",
True,deepseek_v4_pro,deepseek/deepseek-v4-pro,extgemma4-44b__grounded_ai__legal_emotional_4turn,outputs/extgemma4-44b__grounded_ai__legal_emotional_4turn.md,extgemma4-44b,grounded_ai,legal_emotional_4turn,True,5926,9.0,9.0,9.0,9.0,9.0,9.0,9.0,9.0,"Exceptionally clear, empathetic, and well-structured, perfectly fitting the task.",9.0,10.0,9.0,9.0,9.0,9.0,9.0,"Excellent issue spotting, cautious jurisdiction handling, and actionable, safe advice.",
True,deepseek_v4_pro,deepseek/deepseek-v4-pro,gemma4-31b-it__human__legal_emotional_4turn,outputs/gemma4-31b-it__human__legal_emotional_4turn.md,gemma4-31b-it,human,legal_emotional_4turn,True,8335,9.0,9.0,9.0,9.0,9.0,9.0,9.0,9.0,"Exceptionally clear, structured, and persona-consistent writing with precise actionable steps.",9.0,9.0,9.0,10.0,10.0,10.0,9.0,Excellent issue spotting and uncertainty handling; practical guidance delegates jurisdiction-specific advice appropriately.,
True,deepseek_v4_pro,deepseek/deepseek-v4-pro,gemma4-31b-it__grounded_ai_female_overt__legal_emotional_4turn,outputs/gemma4-31b-it__grounded_ai_female_overt__legal_emotional_4turn.md,gemma4-31b-it,grounded_ai_female_overt,legal_emotional_4turn,True,11497,9.0,10.0,9.0,10.0,9.0,9.0,9.0,10.0,"Empathetic, polished writing with clear structure and precise language.",9.0,10.0,9.0,9.0,10.0,10.0,9.0,Strong issue spotting and practical guidance with careful safety boundaries and jurisdictional caution.,
